,SECTOR,AVG_SECTOR_CHANGE,SECTOR_CHANGE_RANK
0,Basic Materials,-0.029734154529218352,8
1,Consumer Goods,0.0508530897719391,7
2,Financial,0.08530566820941042,5
3,Healthcare,0.1915473692921423,2
4,Industrial Goods,0.174584493775299,3
5,Services,0.05479088256387479,6
6,Technology,0.21047687866891426,1
7,Utilities,0.14784317025818747,4
